~No interpretations,HELLO RETURNS,Hello&comma;john russell,HELLO JOHN,100,240,S:\speechScience\tuningData\HDC\7135\logs\04.30.2016_needed\20160430_132614_934_G2_carlos veloso_374752_HomeDepotCanada_Aurora_7135.callsre,0,(null),(null),HIGH_PITCH_VER23_RES0,1125,202B000]02V0^0Ä,0,0, ,CSP_1462037175_88_11,0,0
Hello&comma;steve brown,HELLO STEVE ++SPEECH++,Hello&comma;siva kenthirarjah,HELLO SIVA,68,140,S:\speechScience\tuningData\HDC\7135\logs\04.30.2016_needed\20160430_102141_444_G2_carlos veloso_370315_HomeDepotCanada_Aurora_7135.callsre,0,(null),STEVE ++SPEECH++->SIVA : 1,LOW_PITCH_VER23_RES0,1225,208e000I10a0J0x,0,0, ,CSP_1462026101_603_11,0,0
Hello&comma;ramin khosraviani,HELLO RAMIN,Hello&comma;ramin khosraviani,HELLO RAMIN,905,60,S:\speechScience\tuningData\HDC\7135\logs\04.30.2016_needed\20160430_112247_089_G1_carlos veloso_371304_HomeDepotCanada_Aurora_7135.callsre,0,(null),(null),LOW_PITCH_VER23_RES0,950,204=0@0X06u0Y0{,0,0, ,CSP_1462029767_191_11,0,0
Hello&comma;michael law,HELLO MICHAEL LAW,Hello&comma;michael law,HELLO MICHAEL LAW,831,60,S:\speechScience\tuningData\HDC\7135\logs\04.30.2016_needed\20160430_105123_753_G1_carlos veloso_370833_HomeDepotCanada_Aurora_7135.callsre,0,(null),(null),LOW_PITCH_VER23_RES0,1150,306u0@0X07J0Y0t03Ç0u0ä,0,0, ,CSP_1462027883_855_11,0,0
Hello&comma;lot associates,HELLO LOT ASSOCIATES,PlayMessages,PLAY MESSAGES,4,690,S:\speechScience\tuningData\HDC\7135\logs\04.30.2016_needed\20160430_134028_525_G2_carlos veloso_375109_HomeDepotCanada_Aurora_7135.callsre,0,(null),HELLO->PLAY : 0; LOT ASSOCIATES->MESSAGES : 1,HIGH_PITCH_VER23_RES0,1350,210ã0C0Z10U0[1=,0,0, ,CSP_1462038028_718_11,0,0
~No interpretations,HELLO MIKE LAW,Hello&comma;michael law,HELLO MICHAEL LAW,929,50,S:\speechScience\tuningData\HDC\7135\logs\04.30.2016_needed\20160430_114448_905_G1_carlos veloso_371841_HomeDepotCanada_Aurora_7135.callsre,0,(null),(null),LOW_PITCH_VER23_RES0,1400,30490R0g0580h0Ü07x0á14,0,0, ,CSP_1462031088_996_11,0,0
~No interpretations,ANNOUNCEMENT TODAY GARDEN,AnnouncementToday&comma;front end,ANNOUNCEMENT TODAY FRONT END,250,80,S:\speechScience\tuningData\HDC\7135\logs\04.30.2016_needed\20160430_101748_025_G2_carlos veloso_370001_HomeDepotCanada_Aurora_7135.callsre,0,(null),(null),LOW_PITCH_VER23_RES0,4550,409{040à0910ê1h00?1x1ê01v1ë2=,0,0, ,CSP_1462025868_193_11,0,0
Hello&comma;tina mallier,HELLO TINA,Hello&comma;tina mallier,HELLO TINA,519,200,S:\speechScience\tuningData\HDC\7135\logs\04.30.2016_needed\20160430_125950_853_G1_carlos veloso_373922_HomeDepotCanada_Aurora_7135.callsre,0,(null),(null),LOW_PITCH_VER23_RES0,1075,203d0>0S01~0T0{,0,0, ,CSP_1462035590_998_11,0,0
AnnouncementHour,ANNOUNCEMENT HOUR,AnnouncementHour,ANNOUNCEMENT HOUR,987,50,S:\speechScience\tuningData\HDC\7135\logs\04.30.2016_needed\20160430_101610_462_G1_carlos veloso_369897_HomeDepotCanada_Aurora_7135.callsre,0,(null),(null),LOW_PITCH_VER23_RES0,3550,209000|09[0ì1X,0,0, ,CSP_1462025770_563_11,0,0
~No interpretations,ANNOUNCEMENT TODAY GARDEN,AnnouncementToday&comma;front end,ANNOUNCEMENT TODAY FRONT END,220,80,S:\speechScience\tuningData\HDC\7135\logs\04.30.2016_needed\20160430_101703_027_G2_carlos veloso_369940_HomeDepotCanada_Aurora_7135.callsre,0,(null),(null),LOW_PITCH_VER23_RES0,2750,409ä000i08á0j1700Y1M1g0151h1,0,0, ,CSP_1462025823_184_11,0,0
Hello&comma;kitchens and bath,HELLO KITCHENS,Hello&comma;kitchens and bath,HELLO KITCHENS,699,60,S:\speechScience\tuningData\HDC\7135\logs\04.30.2016_needed\20160430_115956_745_G1_carlos veloso_372280_HomeDepotCanada_Aurora_7135.callsre,0,(null),(null),LOW_PITCH_VER23_RES0,1300,204c000I07Z0J0w,0,0, ,CSP_1462031996_898_11,0,0
~No interpretations,ANNOUNCEMENT HOUR GROUP,AnnouncementHour,ANNOUNCEMENT HOUR,916,110,S:\speechScience\tuningData\HDC\7135\logs\04.30.2016_needed\20160430_101642_227_G1_carlos veloso_369921_HomeDepotCanada_Aurora_7135.callsre,0,(null),(null),LOW_PITCH_VER23_RES0,3525,2096000Å09I0Ö1O,0,0, ,CSP_1462025802_316_11,0,0
Hello&comma;michael law,HELLO MICHAEL LAW,Hello&comma;michael law,HELLO MICHAEL LAW,226,140,S:\speechScience\tuningData\HDC\7135\logs\04.30.2016_needed\20160430_142318_904_G2_carlos veloso_375956_HomeDepotCanada_Aurora_7135.callsre,0,(null),(null),LOW_PITCH_VER23_RES0,800,301ê000F02^0G0d02ç0e0q,0,0, ,CSP_1462040599_60_11,0,0
~No interpretations,ANNOUNCEMENT TODAY GARDEN,AnnouncementToday&comma;hardware,ANNOUNCEMENT TODAY HARDWARE,259,80,S:\speechScience\tuningData\HDC\7135\logs\04.30.2016_needed\20160430_101736_656_G2_carlos veloso_369977_HomeDepotCanada_Aurora_7135.callsre,0,(null),(null),LOW_PITCH_VER23_RES0,3375,306k040s06z0t1A0001W1},0,0, ,CSP_1462025856_809_11,0,0
Hello&comma;tina mallier,HELLO TINA ++NOISE++,Hello&comma;tina mallier,HELLO TINA,23,590,S:\speechScience\tuningData\HDC\7135\logs\04.30.2016_needed\20160430_145949_989_G2_carlos veloso_376714_HomeDepotCanada_Aurora_7135.callsre,0,(null),(null),LOW_PITCH_VER23_RES0,1475,20230[0v00n0w13,0,0, ,CSP_1462042790_172_11,0,0
Hello&comma;lumber,HELLO LUMBER,Hello&comma;lumber,HELLO LUMBER,434,230,S:\speechScience\tuningData\HDC\7135\logs\04.30.2016_needed\20160430_130723_690_G1_carlos veloso_374272_HomeDepotCanada_Aurora_7135.callsre,0,(null),(null),HIGH_PITCH_VER23_RES0,1025,202X0>0Z0460[0,0,0, ,CSP_1462036043_837_11,0,0
Message&comma;jordon purcell,MESSAGE JORDON,Message&comma;jordon purcell,MESSAGE JORDON,778,110,S:\speechScience\tuningData\HDC\7135\logs\04.30.2016_needed\20160430_101301_378_G1_carlos veloso_369811_HomeDepotCanada_Aurora_7135.callsre,0,(null),(null),LOW_PITCH_VER23_RES0,1900,2083000n03[0Å1G,0,0, ,CSP_1462025581_483_11,0,0
Hello&comma;head cashiers,HELLO HEAD CASHIERS,Hello&comma;head cashiers,HELLO HEAD CASHIERS,252,160,S:\speechScience\tuningData\HDC\7135\logs\04.30.2016_needed\20160430_140532_533_G2_carlos veloso_375629_HomeDepotCanada_Aurora_7135.callsre,0,(null),(null),LOW_PITCH_VER23_RES0,1275,306U0D0Y00]0Z0n03?0o1;,0,0, ,CSP_1462039532_690_11,0,0
Hello&comma;hardware,HELLO HARDWARE,Hello&comma;hardware,HELLO HARDWARE,863,60,S:\speechScience\tuningData\HDC\7135\logs\04.30.2016_needed\20160430_080242_866_G1_carlos veloso_368100_HomeDepotCanada_Aurora_7135.callsre,0,(null),(null),LOW_PITCH_VER23_RES0,1275,204_000L09_0M0z,0,0, ,CSP_1462017762_982_11,0,0
~No interpretations,HELLO GARDEN,Hello&comma;jordon buttress,HELLO JORDON,270,160,S:\speechScience\tuningData\HDC\7135\logs\04.30.2016_needed\20160430_101840_858_G2_carlos veloso_370051_HomeDepotCanada_Aurora_7135.callsre,0,(null),(null),LOW_PITCH_VER23_RES0,1450,201É000X03é0Y0Ö,0,0, ,CSP_1462025921_29_11,0,0
~No interpretations,MICHAE LAW,Hello&comma;office,HELLO OFFICE,2,300,S:\speechScience\tuningData\HDC\7135\logs\04.30.2016_needed\20160430_142523_607_G2_carlos veloso_376030_HomeDepotCanada_Aurora_7135.callsre,0,(null),(null),LOW_PITCH_VER23_RES0,1575,2000i0ç00ä0é1M,0,0, ,CSP_1462040723_777_11,0,0
~No interpretations,HELO,Hello&comma;kim macmillan,HELLO KIM,157,200,S:\speechScience\tuningData\HDC\7135\logs\04.30.2016_needed\20160430_130543_724_G2_carlos veloso_374252_HomeDepotCanada_Aurora_7135.callsre,0,(null),(null),LOW_PITCH_VER23_RES0,1525,207<0;0s00M0t0~,0,0, ,CSP_1462035943_893_11,0,0
Hello&comma;stephen peckhover,HELLO STEPHEN,Hello&comma;stephen peckhover,HELLO STEPHEN,711,110,S:\speechScience\tuningData\HDC\7135\logs\04.30.2016_needed\20160430_134041_399_G1_carlos veloso_375113_HomeDepotCanada_Aurora_7135.callsre,0,(null),(null),LOW_PITCH_VER23_RES0,975,206l000K05^0L0|,0,0, ,CSP_1462038041_493_11,0,0
~No interpretations,WHO IS THERE,Hello&comma;jeff bozec,HELLO JEFF,51,420,S:\speechScience\tuningData\HDC\7135\logs\04.30.2016_needed\20160430_130437_735_G2_carlos veloso_374200_HomeDepotCanada_Aurora_7135.callsre,0,(null),(null),HIGH_PITCH_VER23_RES0,725,202E000F01M0J0h,0,0, ,CSP_1462035877_893_11,0,0
~No interpretations,++NOISE++,carry out,CARRY OUT,4,240,S:\speechScience\tuningData\HDC\7135\logs\04.30.2016_needed\20160430_125457_194_G2_carlos veloso_373667_HomeDepotCanada_Aurora_7135.callsre,0,(null),(null),LOW_PITCH_VER23_RES0,350,200D000?00U0@0I,0,0, ,CSP_1462035297_351_11,0,0
Hello&comma;lot associates,++CLICK++ HELLO LOT ASSOCIATES,Hello&comma;lot associates,HELLO LOT ASSOCIATES,23,610,S:\speechScience\tuningData\HDC\7135\logs\04.30.2016_needed\20160430_134034_501_G2_carlos veloso_375111_HomeDepotCanada_Aurora_7135.callsre,0,(null),(null),LOW_PITCH_VER23_RES0,1350,3000000@03O0A0Y04V0Z1;,0,0, ,CSP_1462038034_658_11,0,0
~No interpretations,++NOISE++,Hello&comma;dave simmons,HELLO DAVE,12,200,S:\speechScience\tuningData\HDC\7135\logs\04.30.2016_needed\20160430_131006_049_G2_carlos veloso_374341_HomeDepotCanada_Aurora_7135.callsre,0,(null),(null),HIGH_PITCH_VER23_RES0,375,200K000@01I0A0S,0,0, ,CSP_1462036206_241_11,0,0
Hello&comma;special services,HELLO SPECIAL SERVICES,Hello&comma;special services,HELLO SPECIAL SERVICES,540,150,S:\speechScience\tuningData\HDC\7135\logs\04.30.2016_needed\20160430_131010_575_G1_carlos veloso_374345_HomeDepotCanada_Aurora_7135.callsre,0,(null),(null),LOW_PITCH_VER23_RES0,1225,305F0>0Y04E0Z0y05è0z1D,0,0, ,CSP_1462036210_670_11,0,0
Hello&comma;paul dedonato,HELLO PAUL DEDONATO,Hello&comma;paul dedonato,HELLO PAUL DEDONATO,429,80,S:\speechScience\tuningData\HDC\7135\logs\04.30.2016_needed\20160430_115847_047_G1_carlos veloso_372256_HomeDepotCanada_Aurora_7135.callsre,0,(null),(null),LOW_PITCH_VER23_RES0,1400,3056000D04ë0E0`00n0a0ë,0,0, ,CSP_1462031927_139_11,0,0
Hello&comma;head cashiers,HELLO HEAD CASHIERS,Hello&comma;head cashiers,HELLO HEAD CASHIERS,748,70,S:\speechScience\tuningData\HDC\7135\logs\04.30.2016_needed\20160430_110138_932_G1_carlos veloso_370942_HomeDepotCanada_Aurora_7135.callsre,0,(null),(null),LOW_PITCH_VER23_RES0,1200,303è000H0350I0\03è0]0â,0,0, ,CSP_1462028499_49_11,0,0
Hello&comma;tina mallier,HELLO TINA MALLIER,Hello&comma;tina mallier,HELLO TINA MALLIER,777,70,S:\speechScience\tuningData\HDC\7135\logs\04.30.2016_needed\20160430_145954_965_G1_carlos veloso_376724_HomeDepotCanada_Aurora_7135.callsre,0,(null),(null),LOW_PITCH_VER23_RES0,1225,303000N02Q0O0f06J0g0ê,0,0, ,CSP_1462042795_73_11,0,0
~No interpretations,YOU GUYS CHECK SOME OF THE DELIVERIES,Interrupt&comma;rick nakamura,INTERRUPT RICK NAKAMURA,18,420,S:\speechScience\tuningData\HDC\7135\logs\04.30.2016_needed\20160430_112030_925_G2_carlos veloso_371290_HomeDepotCanada_Aurora_7135.callsre,0,(null),(null),LOW_PITCH_VER23_RES0,4200,300b000^00M0_0m00f0v1K,0,0, ,CSP_1462029631_84_11,0,0
Hello&comma;lumber,HELLO LUMBER,Hello&comma;lumber,HELLO LUMBER,676,130,S:\speechScience\tuningData\HDC\7135\logs\04.30.2016_needed\20160430_125432_144_G1_carlos veloso_373646_HomeDepotCanada_Aurora_7135.callsre,0,(null),(null),HIGH_PITCH_VER23_RES0,1475,208G000P05Q0Q0},0,0, ,CSP_1462035272_236_11,0,0
Hello&comma;daniel pare,++SPEECH++ HELLO DANIEL,Hello&comma;daniel pare,HELLO DANIEL,55,370,S:\speechScience\tuningData\HDC\7135\logs\04.30.2016_needed\20160430_125805_257_G2_carlos veloso_373770_HomeDepotCanada_Aurora_7135.callsre,0,(null),(null),LOW_PITCH_VER23_RES0,1625,207}0r0å00á0ç1T,0,0, ,CSP_1462035485_440_11,0,0
Hello&comma;steve brown,HELLO STEVE,Hello&comma;steve lusted,HELLO STEVE,351,60,S:\speechScience\tuningData\HDC\7135\logs\04.30.2016_needed\20160430_102203_579_G1_carlos veloso_370331_HomeDepotCanada_Aurora_7135.callsre,0,(null),(null),LOW_PITCH_VER23_RES0,1200,203\000M010N0y,0,0, ,CSP_1462026123_669_11,0,0
~No interpretations,HELLO GARDEN,Hello&comma;jordan stephenson,HELLO JORDAN,378,80,S:\speechScience\tuningData\HDC\7135\logs\04.30.2016_needed\20160430_111453_564_G1_carlos veloso_371161_HomeDepotCanada_Aurora_7135.callsre,0,(null),(null),LOW_PITCH_VER23_RES0,1450,202ê000H02=0I0r,0,0, ,CSP_1462029293_566_11,0,0
~No interpretations,HELLO JOHN,Hello&comma;johnny love,HELLO JOHNNY,963,60,S:\speechScience\tuningData\HDC\7135\logs\04.30.2016_needed\20160430_123306_087_G1_carlos veloso_373099_HomeDepotCanada_Aurora_7135.callsre,0,(null),(null),LOW_PITCH_VER23_RES0,1775,209h0M0h06q0i0ç,0,0, ,CSP_1462033986_194_11,0,0
~No interpretations,++SPEECH++ ANNOUNCEMENT NOW JORDON,Logon&comma;azmina hussein,LOG ON AZMINA,4,240,S:\speechScience\tuningData\HDC\7135\logs\04.30.2016_needed\20160430_101554_277_G2_carlos veloso_369891_HomeDepotCanada_Aurora_7135.callsre,0,(null),(null),LOW_PITCH_VER23_RES0,3325,300E0B0T0000q0~00=01j,0,0, ,CSP_1462025754_446_11,0,0
Hello&comma;ramin khosraviani,HELLO RAMIN,Hello&comma;ramin khosraviani,HELLO RAMIN,566,50,S:\speechScience\tuningData\HDC\7135\logs\04.30.2016_needed\20160430_123538_970_G1_carlos veloso_373197_HomeDepotCanada_Aurora_7135.callsre,0,(null),(null),LOW_PITCH_VER23_RES0,1075,202S000M03M0N0v,0,0, ,CSP_1462034139_111_11,0,0
Hello&comma;tina mallier,HELLO TINA MALLIER,Hello&comma;tina mallier,HELLO TINA MALLIER,191,160,S:\speechScience\tuningData\HDC\7135\logs\04.30.2016_needed\20160430_114638_913_G2_carlos veloso_371850_HomeDepotCanada_Aurora_7135.callsre,0,(null),(null),LOW_PITCH_VER23_RES0,1125,308F0;0Q00W0R0i01d0j0ã,0,0, ,CSP_1462031199_82_11,0,0
~No interpretations,HELLO STEVE LUST,Hello&comma;steve lusted,HELLO STEVE LUSTED,379,100,S:\speechScience\tuningData\HDC\7135\logs\04.30.2016_needed\20160430_141945_319_G1_carlos veloso_375840_HomeDepotCanada_Aurora_7135.callsre,0,(null),(null),LOW_PITCH_VER23_RES0,1450,308M000I02H0J0b03L0c0å,0,0, ,CSP_1462040385_414_11,0,0
~No interpretations,++NOISE++,carry out,CARRY OUT,13,200,S:\speechScience\tuningData\HDC\7135\logs\04.30.2016_needed\20160430_124241_166_G2_carlos veloso_373378_HomeDepotCanada_Aurora_7135.callsre,0,(null),(null),HIGH_PITCH_VER23_RES0,375,200<000G00]0H0S,0,0, ,CSP_1462034561_334_11,0,0
~No interpretations,++NOISE++,(null),(null),0,160,S:\speechScience\tuningData\HDC\7135\logs\04.30.2016_needed\20160430_115050_038_G2_carlos veloso_371992_HomeDepotCanada_Aurora_7135.callsre,0,(null),(null),HIGH_PITCH_VER23_RES0,400,0,0,0, ,CSP_1462031450_193_11,0,0
~No interpretations,++CLICK++ HELLO HARD ++CLICK++,(null),(null),0,70,S:\speechScience\tuningData\HDC\7135\logs\04.30.2016_needed\20160430_122403_898_G2_carlos veloso_372811_HomeDepotCanada_Aurora_7135.callsre,0,(null),(null),HIGH_PITCH_VER23_RES0,450,0,0,0, ,CSP_1462033444_67_11,0,0
Hello&comma;tina mallier,HELLO TINA,Hello&comma;tina mallier,HELLO TINA,150,160,S:\speechScience\tuningData\HDC\7135\logs\04.30.2016_needed\20160430_115827_752_G2_carlos veloso_372250_HomeDepotCanada_Aurora_7135.callsre,0,(null),(null),LOW_PITCH_VER23_RES0,1025,204é0D0\00Y0]0~,0,0, ,CSP_1462031907_920_11,0,0
Hello&comma;tina mallier,HELLO TINA MALLIER,Hello&comma;tina mallier,HELLO TINA MALLIER,557,70,S:\speechScience\tuningData\HDC\7135\logs\04.30.2016_needed\20160430_081408_547_G1_carlos veloso_368240_HomeDepotCanada_Aurora_7135.callsre,0,(null),(null),LOW_PITCH_VER23_RES0,1225,304e000I00â0J0b05L0c0ã,0,0, ,CSP_1462018448_627_11,0,0
Hello&comma;tina mallier,HELLO TINA MALLIER,Hello&comma;tina mallier,HELLO TINA MALLIER,451,80,S:\speechScience\tuningData\HDC\7135\logs\04.30.2016_needed\20160430_115656_431_G1_carlos veloso_372178_HomeDepotCanada_Aurora_7135.callsre,0,(null),(null),LOW_PITCH_VER23_RES0,1650,305ë000M00S0N0g08V0h0ì,0,0, ,CSP_1462031816_538_11,0,0
Hello&comma;hardware,HELLO HARDWARE,Hello&comma;hardware,HELLO HARDWARE,104,170,S:\speechScience\tuningData\HDC\7135\logs\04.30.2016_needed\20160430_122439_304_G2_carlos veloso_372836_HomeDepotCanada_Aurora_7135.callsre,0,(null),(null),LOW_PITCH_VER23_RES0,1650,200à000T03I0U0~,0,0, ,CSP_1462033479_459_11,0,0
~No interpretations,HELLO MIKE LAW,Hello&comma;michael law,HELLO MICHAEL LAW,876,60,S:\speechScience\tuningData\HDC\7135\logs\04.30.2016_needed\20160430_115133_126_G1_carlos veloso_372008_HomeDepotCanada_Aurora_7135.callsre,0,(null),(null),LOW_PITCH_VER23_RES0,1125,303X060N07B0O0i03K0j0},0,0, ,CSP_1462031493_217_11,0,0
~No interpretations,HELLO STEVE LUST,Hello&comma;steve brown,HELLO STEVE,24,140,S:\speechScience\tuningData\HDC\7135\logs\04.30.2016_needed\20160430_102158_913_G2_carlos veloso_370329_HomeDepotCanada_Aurora_7135.callsre,0,(null),(null),LOW_PITCH_VER23_RES0,1500,205}000K0180L0w,0,0, ,CSP_1462026119_84_11,0,0
~No interpretations,++UNINTELLIGIBLE++,AnnouncementHour,ANNOUNCEMENT HOUR,1,170,S:\speechScience\tuningData\HDC\7135\logs\04.30.2016_needed\20160430_142614_687_G2_carlos veloso_376047_HomeDepotCanada_Aurora_7135.callsre,0,(null),(null),LOW_PITCH_VER23_RES0,475,200\000U00c0V0],0,0, ,CSP_1462040774_855_11,0,0
Hello&comma;special services,HELLO SPECIAL SERVICES,Hello&comma;special services,HELLO SPECIAL SERVICES,216,270,S:\speechScience\tuningData\HDC\7135\logs\04.30.2016_needed\20160430_130309_591_G2_carlos veloso_374080_HomeDepotCanada_Aurora_7135.callsre,0,(null),(null),LOW_PITCH_VER23_RES0,1975,3029070g0090h0â08v0ä1Y,0,0, ,CSP_1462035789_749_11,0,0
Hello&comma;anthony rulli,HELLO ANTHONY,Hello&comma;anthony rulli,HELLO ANTHONY,862,50,S:\speechScience\tuningData\HDC\7135\logs\04.30.2016_needed\20160430_134130_639_G1_carlos veloso_375129_HomeDepotCanada_Aurora_7135.callsre,0,(null),(null),LOW_PITCH_VER23_RES0,1175,204|0=0Z08y0[0Ñ,0,0, ,CSP_1462038090_751_11,0,0
Hello&comma;tina mallier,HELLO TINA,Hello&comma;tina mallier,HELLO TINA,63,290,S:\speechScience\tuningData\HDC\7135\logs\04.30.2016_needed\20160430_115651_566_G2_carlos veloso_372173_HomeDepotCanada_Aurora_7135.callsre,0,(null),(null),LOW_PITCH_VER23_RES0,1825,2012000c00a0d0è,0,0, ,CSP_1462031811_724_11,0,0
~No interpretations,MIKE LAW COME IN,Logon&comma;meaghan todd,LOG ON MEAGHAN,2,360,S:\speechScience\tuningData\HDC\7135\logs\04.30.2016_needed\20160430_114929_046_G2_carlos veloso_371917_HomeDepotCanada_Aurora_7135.callsre,0,(null),(null),LOW_PITCH_VER23_RES0,1500,300è0Q0w00~0x0}00à0~10,0,0, ,CSP_1462031369_217_11,0,0
~No interpretations,HELLO,Hello&comma;sue goodarzi,HELLO SUE,33,150,S:\speechScience\tuningData\HDC\7135\logs\04.30.2016_needed\20160430_142131_633_G2_carlos veloso_375876_HomeDepotCanada_Aurora_7135.callsre,0,(null),(null),LOW_PITCH_VER23_RES0,800,20390@0W0040X0c,0,0, ,CSP_1462040491_802_11,0,0
Hello&comma;jevon charran,HELLO JEVON,Hello&comma;jevon charran,HELLO JEVON,563,90,S:\speechScience\tuningData\HDC\7135\logs\04.30.2016_needed\20160430_111718_956_G1_carlos veloso_371224_HomeDepotCanada_Aurora_7135.callsre,0,(null),(null),LOW_PITCH_VER23_RES0,1050,207Z0=0S00Ç0T0y,0,0, ,CSP_1462029439_105_11,0,0
Hello&comma;ramin khosraviani,HELLO RAMIN,Hello&comma;ramin khosraviani,HELLO RAMIN,919,90,S:\speechScience\tuningData\HDC\7135\logs\04.30.2016_needed\20160430_072343_084_G1_carlos veloso_367944_HomeDepotCanada_Aurora_7135.callsre,0,(null),(null),LOW_PITCH_VER23_RES0,1525,205G000d06r0ê1[,0,0, ,CSP_1462015423_172_11,0,0
Hello&comma;tina mallier,HELLO TINA MALLIER,Hello&comma;tina mallier,HELLO TINA MALLIER,535,80,S:\speechScience\tuningData\HDC\7135\logs\04.30.2016_needed\20160430_142338_167_G1_carlos veloso_375975_HomeDepotCanada_Aurora_7135.callsre,0,(null),(null),LOW_PITCH_VER23_RES0,1125,308s0?0R000S0j0550k0è,0,0, ,CSP_1462040618_261_11,0,0
~No interpretations,ANNOUNCEMENT TODAY GARDEN,AnnouncementToday&comma;front end,ANNOUNCEMENT TODAY FRONT END,300,90,S:\speechScience\tuningData\HDC\7135\logs\04.30.2016_needed\20160430_101652_574_G2_carlos veloso_369933_HomeDepotCanada_Aurora_7135.callsre,0,(null),(null),LOW_PITCH_VER23_RES0,3000,409;030|07é0}1G00M1P1l01v1m1~,0,0, ,CSP_1462025812_742_11,0,0
Hello&comma;steve lusted,HELLO STEVE LUSTED,Hello&comma;steve lusted,HELLO STEVE LUSTED,599,70,S:\speechScience\tuningData\HDC\7135\logs\04.30.2016_needed\20160430_143508_790_G1_carlos veloso_376186_HomeDepotCanada_Aurora_7135.callsre,0,(null),(null),LOW_PITCH_VER23_RES0,1500,306`000M01u0N0k01_0l0â,0,0, ,CSP_1462041308_792_11,0,0
Hello&comma;lumber,HELLO LUMBER,Hello&comma;lumber,HELLO LUMBER,8,440,S:\speechScience\tuningData\HDC\7135\logs\04.30.2016_needed\20160430_125427_233_G2_carlos veloso_373641_HomeDepotCanada_Aurora_7135.callsre,0,(null),(null),HIGH_PITCH_VER23_RES0,1250,200å040H00~0I0q,0,0, ,CSP_1462035267_412_11,0,0
~No interpretations,HELLO MIKE LAW,Hello&comma;monica yiu,HELLO MONICA,85,100,S:\speechScience\tuningData\HDC\7135\logs\04.30.2016_needed\20160430_120208_365_G2_carlos veloso_372353_HomeDepotCanada_Aurora_7135.callsre,0,(null),(null),LOW_PITCH_VER23_RES0,1025,209r000I0050J0|,0,0, ,CSP_1462032128_548_11,0,0
Hello&comma;ramin khosraviani,HELLO RAMIN,Hello&comma;ramin khosraviani,HELLO RAMIN,924,80,S:\speechScience\tuningData\HDC\7135\logs\04.30.2016_needed\20160430_112418_693_G1_carlos veloso_371325_HomeDepotCanada_Aurora_7135.callsre,0,(null),(null),LOW_PITCH_VER23_RES0,1625,208S0Q0m04K0n0ì,0,0, ,CSP_1462029858_695_11,0,0
Hello&comma;darlene carter,HELLO DARLENE,Hello&comma;darlene carter,HELLO DARLENE,787,60,S:\speechScience\tuningData\HDC\7135\logs\04.30.2016_needed\20160430_084800_209_G1_carlos veloso_368460_HomeDepotCanada_Aurora_7135.callsre,0,(null),(null),LOW_PITCH_VER23_RES0,1425,204X000L07V0P0|,0,0, ,CSP_1462020480_303_11,0,0
AnnouncementToday,ANNOUNCEMENT TODAY,AnnouncementToday,ANNOUNCEMENT TODAY,952,60,S:\speechScience\tuningData\HDC\7135\logs\04.30.2016_needed\20160430_101333_295_G1_carlos veloso_369825_HomeDepotCanada_Aurora_7135.callsre,0,(null),(null),LOW_PITCH_VER23_RES0,2150,208n0Y0ë05v0í1R,0,0, ,CSP_1462025613_443_11,0,0
~No interpretations,ANNOUNCEMENT GARGEN CENTER,AnnouncementHour,ANNOUNCEMENT HOUR,32,90,S:\speechScience\tuningData\HDC\7135\logs\04.30.2016_needed\20160430_115631_424_G2_carlos veloso_372140_HomeDepotCanada_Aurora_7135.callsre,0,(null),(null),LOW_PITCH_VER23_RES0,3625,207a040á0000à15,0,0, ,CSP_1462031791_583_11,0,0
~No interpretations,HELLO MIKE LAW,Hello&comma;michael law,HELLO MICHAEL LAW,9,180,S:\speechScience\tuningData\HDC\7135\logs\04.30.2016_needed\20160430_142511_513_G2_carlos veloso_376018_HomeDepotCanada_Aurora_7135.callsre,0,(null),(null),LOW_PITCH_VER23_RES0,1925,301w000P02T0Q0Ç03~0à16,0,0, ,CSP_1462040711_682_11,0,0
~No interpretations,HELLO PRO,Hello&comma;chris calle,HELLO CHRIS,231,260,S:\speechScience\tuningData\HDC\7135\logs\04.30.2016_needed\20160430_130302_349_G2_carlos veloso_374071_HomeDepotCanada_Aurora_7135.callsre,0,(null),(null),LOW_PITCH_VER23_RES0,1025,208b0H0a00`0b0,0,0, ,CSP_1462035782_508_11,0,0
~No interpretations,HEAD CASH HEAD CASHIER,GroupMessage&comma;head cashiers,MESSAGE HEAD CASHIERS,240,270,S:\speechScience\tuningData\HDC\7135\logs\04.30.2016_needed\20160430_111531_348_G2_carlos veloso_371169_HomeDepotCanada_Aurora_7135.callsre,0,(null),(null),LOW_PITCH_VER23_RES0,2900,300b0è1e03G11ë02o1í2b,0,0, ,CSP_1462029331_507_11,0,0
Hello&comma;ramin khosraviani,HELLO RAMIN,Hello&comma;ramin khosraviani,HELLO RAMIN,887,50,S:\speechScience\tuningData\HDC\7135\logs\04.30.2016_needed\20160430_112636_748_G1_carlos veloso_371400_HomeDepotCanada_Aurora_7135.callsre,0,(null),(null),LOW_PITCH_VER23_RES0,1200,205o090T03f0U0},0,0, ,CSP_1462029996_838_11,0,0
Hello&comma;head cashiers,HELLO HEAD CASHIERS,Hello&comma;head cashiers,HELLO HEAD CASHIERS,41,230,S:\speechScience\tuningData\HDC\7135\logs\04.30.2016_needed\20160430_125521_442_G2_carlos veloso_373678_HomeDepotCanada_Aurora_7135.callsre,0,(null),(null),LOW_PITCH_VER23_RES0,1225,300Å000F00x0G0]01Z0^0é,0,0, ,CSP_1462035321_599_11,0,0
Hello&comma;drew patel,HELLO DREW,Hello&comma;drew patel,HELLO DREW,670,190,S:\speechScience\tuningData\HDC\7135\logs\04.30.2016_needed\20160430_132626_038_G1_carlos veloso_374764_HomeDepotCanada_Aurora_7135.callsre,0,(null),(null),LOW_PITCH_VER23_RES0,1675,20310v0ê09d0ë1M,0,0, ,CSP_1462037186_132_11,0,0
Hello&comma;hardware,HELLO HARDWARE,Hello&comma;hardware,HELLO HARDWARE,424,90,S:\speechScience\tuningData\HDC\7135\logs\04.30.2016_needed\20160430_145503_872_G1_carlos veloso_376620_HomeDepotCanada_Aurora_7135.callsre,0,(null),(null),LOW_PITCH_VER23_RES0,1450,203A000H04H0I0w,0,0, ,CSP_1462042503_983_11,0,0
~No interpretations,HELLO ++SPEECH++ TINBA,Hello&comma;nadia santagato,HELLO NADIA,82,440,S:\speechScience\tuningData\HDC\7135\logs\04.30.2016_needed\20160430_111550_320_G2_carlos veloso_371181_HomeDepotCanada_Aurora_7135.callsre,0,(null),(null),LOW_PITCH_VER23_RES0,1425,201É000J00^0T18,0,0, ,CSP_1462029350_478_11,0,0
Hello&comma;jason ferri,HELLO JASON FERRI,Hello&comma;jason ferri,HELLO JASON FERRI,941,180,S:\speechScience\tuningData\HDC\7135\logs\04.30.2016_needed\20160430_120213_494_G2_carlos veloso_372357_HomeDepotCanada_Aurora_7135.callsre,0,(null),(null),LOW_PITCH_VER23_RES0,2225,305u090_06Y0`0ê09X0ë1S,0,0, ,CSP_1462032133_663_11,0,0
AnnouncementToday,ANNOUNCEMENT TODAY,AnnouncementToday,ANNOUNCEMENT TODAY,979,40,S:\speechScience\tuningData\HDC\7135\logs\04.30.2016_needed\20160430_101353_560_G1_carlos veloso_369838_HomeDepotCanada_Aurora_7135.callsre,0,(null),(null),LOW_PITCH_VER23_RES0,1325,208z030w07}0x13,0,0, ,CSP_1462025633_650_11,0,0
~No interpretations,HELLO GARDEN,Hello&comma;jordon purcell,HELLO JORDON,576,60,S:\speechScience\tuningData\HDC\7135\logs\04.30.2016_needed\20160430_101834_463_G1_carlos veloso_370035_HomeDepotCanada_Aurora_7135.callsre,0,(null),(null),LOW_PITCH_VER23_RES0,2075,203Å000K06W0L0t,0,0, ,CSP_1462025914_564_11,0,0
~No interpretations,HELLO MIKE LAW,Hello&comma;michael law,HELLO MICHAEL LAW,753,40,S:\speechScience\tuningData\HDC\7135\logs\04.30.2016_needed\20160430_114901_174_G1_carlos veloso_371902_HomeDepotCanada_Aurora_7135.callsre,0,(null),(null),LOW_PITCH_VER23_RES0,1500,307b0G0^08L0_0y00í0z0ä,0,0, ,CSP_1462031341_328_11,0,0
~No interpretations,ANNOUNCEMENT TODAY GARDEN CENTER,AnnouncementToday&comma;flooring,ANNOUNCEMENT TODAY FLOORING,171,90,S:\speechScience\tuningData\HDC\7135\logs\04.30.2016_needed\20160430_101801_231_G2_carlos veloso_370007_HomeDepotCanada_Aurora_7135.callsre,0,(null),(null),LOW_PITCH_VER23_RES0,4150,309040q06@0r180001I1x,0,0, ,CSP_1462025881_399_11,0,0
Hello&comma;hardware,HELLO HARDWARE,Hello&comma;hardware,HELLO HARDWARE,418,60,S:\speechScience\tuningData\HDC\7135\logs\04.30.2016_needed\20160430_122413_735_G1_carlos veloso_372817_HomeDepotCanada_Aurora_7135.callsre,0,(null),(null),LOW_PITCH_VER23_RES0,1025,201m000E04U0F0o,0,0, ,CSP_1462033453_886_11,0,0
~No interpretations,HELLO MIKE LAW,Hello&comma;michael law,HELLO MICHAEL LAW,588,50,S:\speechScience\tuningData\HDC\7135\logs\04.30.2016_needed\20160430_114933_542_G1_carlos veloso_371919_HomeDepotCanada_Aurora_7135.callsre,0,(null),(null),LOW_PITCH_VER23_RES0,950,305?000H03e0I0d02X0e0y,0,0, ,CSP_1462031373_633_11,0,0
~No interpretations,HELLO,Hello&comma;sue goodarzi,HELLO SUE,28,60,S:\speechScience\tuningData\HDC\7135\logs\04.30.2016_needed\20160430_062449_307_G2_carlos veloso_367658_HomeDepotCanada_Aurora_7135.callsre,0,(null),(null),LOW_PITCH_VER23_RES0,575,204H000@0000A0G,0,0, ,CSP_1462011889_464_11,0,0
Hello&comma;flooring,HELLO FLOORING,Hello&comma;flooring,HELLO FLOORING,946,70,S:\speechScience\tuningData\HDC\7135\logs\04.30.2016_needed\20160430_123222_747_G1_carlos veloso_373052_HomeDepotCanada_Aurora_7135.callsre,0,(null),(null),LOW_PITCH_VER23_RES0,2000,2055000K08á0L0w,0,0, ,CSP_1462033942_849_11,0,0
~No interpretations,ANNOUNCEMENT TODAY GARDEN CENTER,AnnouncementToday&comma;seasonal,ANNOUNCEMENT TODAY FOR SEASONAL,66,110,S:\speechScience\tuningData\HDC\7135\logs\04.30.2016_needed\20160430_101827_901_G2_carlos veloso_370029_HomeDepotCanada_Aurora_7135.callsre,0,(null),(null),LOW_PITCH_VER23_RES0,3325,4080000y05å0z1B0001Z1l0001m2V,0,0, ,CSP_1462025908_69_11,0,0
Hello&comma;richard dacosta,HELLO RICHARD,Hello&comma;richard dacosta,HELLO RICHARD,962,50,S:\speechScience\tuningData\HDC\7135\logs\04.30.2016_needed\20160430_123337_643_G1_carlos veloso_373132_HomeDepotCanada_Aurora_7135.callsre,0,(null),(null),LOW_PITCH_VER23_RES0,1175,207@0?0]07j0^0Ç,0,0, ,CSP_1462034017_734_11,0,0
Hello&comma;daniel pare,HELLO DANIEL,Hello&comma;daniel pare,HELLO DANIEL,534,100,S:\speechScience\tuningData\HDC\7135\logs\04.30.2016_needed\20160430_125810_337_G1_carlos veloso_373772_HomeDepotCanada_Aurora_7135.callsre,0,(null),(null),LOW_PITCH_VER23_RES0,1425,201k000N06ä0O0Ä,0,0, ,CSP_1462035490_478_11,0,0
Hello&comma;larry seymour,HELLO LARRY,Hello&comma;larry seymour,HELLO LARRY,602,60,S:\speechScience\tuningData\HDC\7135\logs\04.30.2016_needed\20160430_152136_672_G1_carlos veloso_377300_HomeDepotCanada_Aurora_7135.callsre,0,(null),(null),LOW_PITCH_VER23_RES0,1150,201t0C0V03A0W0x,0,0, ,CSP_1462044096_675_11,0,0
~No interpretations,++CLICK++ HELLO GARDEN,Hello&comma;jordon buttress,HELLO JORDON,25,240,S:\speechScience\tuningData\HDC\7135\logs\04.30.2016_needed\20160430_141923_121_G2_carlos veloso_375826_HomeDepotCanada_Aurora_7135.callsre,0,(null),(null),LOW_PITCH_VER23_RES0,950,200j000E01?0F0o,0,0, ,CSP_1462040363_289_11,0,0
~No interpretations,HELLO RETURNS,Hello&comma;kitchens and bath,HELLO KITCHENS,12,490,S:\speechScience\tuningData\HDC\7135\logs\04.30.2016_needed\20160430_132620_350_G2_carlos veloso_374761_HomeDepotCanada_Aurora_7135.callsre,0,(null),(null),HIGH_PITCH_VER23_RES0,1225,206<000S00T0T0ç,0,0, ,CSP_1462037180_515_11,0,0
Hello&comma;mona shaher,HELLO MONA,Hello&comma;mona shaher,HELLO MONA,471,120,S:\speechScience\tuningData\HDC\7135\logs\04.30.2016_needed\20160430_125531_519_G1_carlos veloso_373684_HomeDepotCanada_Aurora_7135.callsre,0,(null),(null),HIGH_PITCH_VER23_RES0,925,203W000H04Ä0I0q,0,0, ,CSP_1462035331_611_11,0,0
Hello&comma;lumber,HELLO LUMBER,Hello&comma;lumber,HELLO LUMBER,621,80,S:\speechScience\tuningData\HDC\7135\logs\04.30.2016_needed\20160430_130445_127_G1_carlos veloso_374216_HomeDepotCanada_Aurora_7135.callsre,0,(null),(null),LOW_PITCH_VER23_RES0,1625,202Q000J06V0K0q,0,0, ,CSP_1462035885_233_11,0,0
Hello&comma;daniel pare,HELLO DANIEL,Hello&comma;daniel pare,HELLO DANIEL,816,100,S:\speechScience\tuningData\HDC\7135\logs\04.30.2016_needed\20160430_125712_205_G1_carlos veloso_373727_HomeDepotCanada_Aurora_7135.callsre,0,(null),(null),LOW_PITCH_VER23_RES0,1450,203=0B0W03k0X0Ñ,0,0, ,CSP_1462035432_346_11,0,0
~No interpretations,HEY ++SPEECH++,~No interpretations,CHECK IN ROB,0,320,S:\speechScience\tuningData\HDC\7135\logs\04.30.2016_needed\20160430_102118_925_G2_carlos veloso_370303_HomeDepotCanada_Aurora_7135.callsre,0,(null),(null),LOW_PITCH_VER23_RES0,1100,300b000@00E0I0Z0000[0o,0,0, ,CSP_1462026079_84_11,0,0
~No interpretations,HELLO MIKE LAW,Hello&comma;michael law,HELLO MICHAEL LAW,847,80,S:\speechScience\tuningData\HDC\7135\logs\04.30.2016_needed\20160430_102342_210_G1_carlos veloso_370366_HomeDepotCanada_Aurora_7135.callsre,0,(null),(null),LOW_PITCH_VER23_RES0,1275,305á0<0X09c0Y0x09J0y13,0,0, ,CSP_1462026222_346_11,0,0
Hello&comma;head cashiers,HELLO HEAD CASHIERS,Hello&comma;head cashiers,HELLO HEAD CASHIERS,460,90,S:\speechScience\tuningData\HDC\7135\logs\04.30.2016_needed\20160430_103939_160_G1_carlos veloso_370691_HomeDepotCanada_Aurora_7135.callsre,0,(null),(null),LOW_PITCH_VER23_RES0,1375,303{0M0a00â0b0v04B0w1C,0,0, ,CSP_1462027179_308_11,0,0
Hello&comma;michael law,HELLO MICHAEL LAW,Hello&comma;michael law,HELLO MICHAEL LAW,69,230,S:\speechScience\tuningData\HDC\7135\logs\04.30.2016_needed\20160430_142530_269_G2_carlos veloso_376034_HomeDepotCanada_Aurora_7135.callsre,0,(null),(null),LOW_PITCH_VER23_RES0,1850,306?070]03[0a0å0350ç1Q,0,0, ,CSP_1462040730_428_11,0,0
~No interpretations,++UNINTELLIGIBLE++,urgentbulletin,INTERRUPT ALL,11,450,S:\speechScience\tuningData\HDC\7135\logs\04.30.2016_needed\20160430_105108_478_G2_carlos veloso_370822_HomeDepotCanada_Aurora_7135.callsre,0,(null),(null),LOW_PITCH_VER23_RES0,900,200D000Q00T0R0i,0,0, ,CSP_1462027868_637_11,0,0
~No interpretations,++SPEECH++ ANNOUNCEMENT TODAY GARDEN CENTER,AnnouncementToday&comma;tool rental,ANNOUNCEMENT TODAY FOR TOOL RENTAL,79,250,S:\speechScience\tuningData\HDC\7135\logs\04.30.2016_needed\20160430_101817_880_G2_carlos veloso_370024_HomeDepotCanada_Aurora_7135.callsre,0,(null),(null),LOW_PITCH_VER23_RES0,3525,506à0V0ê04>0ë1T00H1X1o0071p1à0071í2Y,0,0, ,CSP_1462025898_50_11,0,0
Hello&comma;tina mallier,HELLO TINA,Hello&comma;tina mallier,HELLO TINA,346,90,S:\speechScience\tuningData\HDC\7135\logs\04.30.2016_needed\20160430_104005_100_G1_carlos veloso_370700_HomeDepotCanada_Aurora_7135.callsre,0,(null),(null),LOW_PITCH_VER23_RES0,900,206k0:0R00>0S0v,0,0, ,CSP_1462027205_102_11,0,0
Hello&comma;flooring,HELLO FLOORING,Hello&comma;flooring,HELLO FLOORING,972,80,S:\speechScience\tuningData\HDC\7135\logs\04.30.2016_needed\20160430_123129_762_G1_carlos veloso_373012_HomeDepotCanada_Aurora_7135.callsre,0,(null),(null),LOW_PITCH_VER23_RES0,1150,208o000K09{0L0y,0,0, ,CSP_1462033889_916_11,0,0
~No interpretations,HELLO GARDEN,Hello&comma;jordan stephenson,HELLO JORDAN,339,80,S:\speechScience\tuningData\HDC\7135\logs\04.30.2016_needed\20160430_115638_320_G1_carlos veloso_372155_HomeDepotCanada_Aurora_7135.callsre,0,(null),(null),LOW_PITCH_VER23_RES0,1300,203l000I010J0r,0,0, ,CSP_1462031798_429_11,0,0
Hello&comma;tina mallier,HELLO TINA MALLIER,Hello&comma;tina mallier,HELLO TINA MALLIER,854,70,S:\speechScience\tuningData\HDC\7135\logs\04.30.2016_needed\20160430_123138_426_G1_carlos veloso_373018_HomeDepotCanada_Aurora_7135.callsre,0,(null),(null),LOW_PITCH_VER23_RES0,1200,303000D04s0E0a04P0b0à,0,0, ,CSP_1462033898_428_11,0,0
Hello&comma;larry seymour,HELLO LARRY,Hello&comma;larry seymour,HELLO LARRY,730,60,S:\speechScience\tuningData\HDC\7135\logs\04.30.2016_needed\20160430_143501_829_G1_carlos veloso_376180_HomeDepotCanada_Aurora_7135.callsre,0,(null),(null),LOW_PITCH_VER23_RES0,1075,202O070M05Z0N0i,0,0, ,CSP_1462041301_940_11,0,0
Hello&comma;jordon buttress,HELLO JORDON,Hello&comma;jordon buttress,HELLO JORDON,144,220,S:\speechScience\tuningData\HDC\7135\logs\04.30.2016_needed\20160430_141928_835_G2_carlos veloso_375830_HomeDepotCanada_Aurora_7135.callsre,0,(null),(null),LOW_PITCH_VER23_RES0,1100,207ë0@0Z01]0[0~,0,0, ,CSP_1462040368_993_11,0,0
~No interpretations,HELLO MIKE LAW,Hello&comma;michael choohum,HELLO MICHAEL,255,200,S:\speechScience\tuningData\HDC\7135\logs\04.30.2016_needed\20160430_142504_748_G2_carlos veloso_376013_HomeDepotCanada_Aurora_7135.callsre,0,(null),(null),LOW_PITCH_VER23_RES0,1275,203P000H03Y0I0f,0,0, ,CSP_1462040704_906_11,0,0
~No interpretations,HELLO MIKE LAW,Hello&comma;michael law,HELLO MICHAEL LAW,509,60,S:\speechScience\tuningData\HDC\7135\logs\04.30.2016_needed\20160430_111443_691_G1_carlos veloso_371159_HomeDepotCanada_Aurora_7135.callsre,0,(null),(null),LOW_PITCH_VER23_RES0,1200,302h000N08O0O0m02J0n0Ñ,0,0, ,CSP_1462029283_782_11,0,0
~No interpretations,ANNOUNCEMENT HOUR GROUP,AnnouncementHour,ANNOUNCEMENT HOUR,252,70,S:\speechScience\tuningData\HDC\7135\logs\04.30.2016_needed\20160430_101627_369_G2_carlos veloso_369909_HomeDepotCanada_Aurora_7135.callsre,0,(null),(null),LOW_PITCH_VER23_RES0,5450,208B000o03e0u11,0,0, ,CSP_1462025787_526_11,0,0
Hello&comma;tina mallier,HELLO TINA,Hello&comma;tina mallier,HELLO TINA,554,70,S:\speechScience\tuningData\HDC\7135\logs\04.30.2016_needed\20160430_080433_264_G1_carlos veloso_368120_HomeDepotCanada_Aurora_7135.callsre,0,(null),(null),LOW_PITCH_VER23_RES0,1125,202y0O0h01e0i0ç,0,0, ,CSP_1462017873_384_11,0,0
~No interpretations,++CLICK++ ++SPEECH++,Hello&comma;grace harbour,HELLO GRACE,2,120,S:\speechScience\tuningData\HDC\7135\logs\04.30.2016_needed\20160430_140906_927_G2_carlos veloso_375709_HomeDepotCanada_Aurora_7135.callsre,0,(null),(null),LOW_PITCH_VER23_RES0,675,200?000=00^0>0^,0,0, ,CSP_1462039747_116_11,0,0
Hello&comma;logan scott,HELLO LOGAN,Hello&comma;lumber,HELLO LUMBER,63,620,S:\speechScience\tuningData\HDC\7135\logs\04.30.2016_needed\20160430_115555_682_G2_carlos veloso_372101_HomeDepotCanada_Aurora_7135.callsre,0,(null),LOGAN->LUMBER : 1,HIGH_PITCH_VER23_RES0,1200,203É000M10W0N0s,0,0, ,CSP_1462031755_839_11,0,0
Hello&comma;tech support,HELLO TECH SUPPORT,Hello&comma;tech support,HELLO TECH SUPPORT,825,140,S:\speechScience\tuningData\HDC\7135\logs\04.30.2016_needed\20160430_084008_226_G2_carlos veloso_368383_HomeDepotCanada_Aurora_7135.callsre,0,(null),(null),LOW_PITCH_VER23_RES0,1475,308l000G04;0H0_05Å0`0å,0,0, ,CSP_1462020008_394_11,0,0
~No interpretations,HELLO MICHAEL LAW,Hello&comma;michael vasconcellos,HELLO MICHAEL,619,110,S:\speechScience\tuningData\HDC\7135\logs\04.30.2016_needed\20160430_142516_398_G1_carlos veloso_376022_HomeDepotCanada_Aurora_7135.callsre,0,(null),(null),LOW_PITCH_VER23_RES0,1775,206D0B0a08:0b0â,0,0, ,CSP_1462040716_492_11,0,0
~No interpretations,HELLO STEVE LUST,Hello&comma;siva kenthirarjah,HELLO SIVA,68,140,S:\speechScience\tuningData\HDC\7135\logs\04.30.2016_needed\20160430_102146_435_G2_carlos veloso_370322_HomeDepotCanada_Aurora_7135.callsre,0,(null),(null),LOW_PITCH_VER23_RES0,1625,208=030V00V0W0é,0,0, ,CSP_1462026106_602_11,0,0
Hello&comma;scott hendry,++CLICK++ HELLO SCOTT,Hello&comma;scott hendry,HELLO SCOTT,812,100,S:\speechScience\tuningData\HDC\7135\logs\04.30.2016_needed\20160430_125819_672_G1_carlos veloso_373774_HomeDepotCanada_Aurora_7135.callsre,0,(null),(null),LOW_PITCH_VER23_RES0,850,204ç000G06ê0H0k,0,0, ,CSP_1462035499_674_11,0,0
Hello&comma;logan scott,HELLO LOGAN,Hello&comma;logan scott,HELLO LOGAN,79,220,S:\speechScience\tuningData\HDC\7135\logs\04.30.2016_needed\20160430_115600_561_G2_carlos veloso_372105_HomeDepotCanada_Aurora_7135.callsre,0,(null),(null),LOW_PITCH_VER23_RES0,1175,203d000K00ê0L0s,0,0, ,CSP_1462031760_734_11,0,0
Hello&comma;special services,HELLO SPECIAL SERVICES,Hello&comma;special services,HELLO SPECIAL SERVICES,857,70,S:\speechScience\tuningData\HDC\7135\logs\04.30.2016_needed\20160430_144704_857_G1_carlos veloso_376458_HomeDepotCanada_Aurora_7135.callsre,0,(null),(null),LOW_PITCH_VER23_RES0,1500,308s000K0520L0o0940p1;,0,0, ,CSP_1462042025_14_11,0,0
Hello&comma;jevon charran,HELLO JEVON,Hello&comma;jevon charran,HELLO JEVON,859,70,S:\speechScience\tuningData\HDC\7135\logs\04.30.2016_needed\20160430_111600_467_G1_carlos veloso_371191_HomeDepotCanada_Aurora_7135.callsre,0,(null),(null),LOW_PITCH_VER23_RES0,1525,206ã000M06Z0N0É,0,0, ,CSP_1462029360_569_11,0,0
~No interpretations,LOCATE MIKE LAW,Whereis&comma;michael law,LOCATE MICHAEL LAW,42,220,S:\speechScience\tuningData\HDC\7135\logs\04.30.2016_needed\20160430_111555_226_G2_carlos veloso_371185_HomeDepotCanada_Aurora_7135.callsre,0,(null),(null),LOW_PITCH_VER23_RES0,1350,300M000M06P0N0h00Ä0i0Ä,0,0, ,CSP_1462029355_384_11,0,0
Hello&comma;sarah macpherson,HELLO SARAH,Hello&comma;sarah macpherson,HELLO SARAH,755,80,S:\speechScience\tuningData\HDC\7135\logs\04.30.2016_needed\20160430_124039_174_G1_carlos veloso_373312_HomeDepotCanada_Aurora_7135.callsre,0,(null),(null),LOW_PITCH_VER23_RES0,1025,204N0;0U08f0V0~,0,0, ,CSP_1462034439_328_11,0,0
Hello&comma;jessica anderson,HELLO JESSICA,Hello&comma;jessica anderson,HELLO JESSICA,300,150,S:\speechScience\tuningData\HDC\7135\logs\04.30.2016_needed\20160430_140514_354_G2_carlos veloso_375627_HomeDepotCanada_Aurora_7135.callsre,0,(null),(null),LOW_PITCH_VER23_RES0,1175,208w0?0Y00à0Z0á,0,0, ,CSP_1462039514_516_11,0,0
~No interpretations,HELLO ++SPEECH++,Hello&comma;christopher todd,HELLO CHRISTOPHER,30,170,S:\speechScience\tuningData\HDC\7135\logs\04.30.2016_needed\20160430_130433_437_G2_carlos veloso_374196_HomeDepotCanada_Aurora_7135.callsre,0,(null),(null),LOW_PITCH_VER23_RES0,850,208[000K0000L0|,0,0, ,CSP_1462035873_608_11,0,0
Hello&comma;drew patel,++NOISE++ HELLO DREW,Hello&comma;drew patel,HELLO DREW,735,80,S:\speechScience\tuningData\HDC\7135\logs\04.30.2016_needed\20160430_130335_024_G1_carlos veloso_374112_HomeDepotCanada_Aurora_7135.callsre,0,(null),(null),LOW_PITCH_VER23_RES0,1125,204Ü0A0Z07V0[0Ä,0,0, ,CSP_1462035815_170_11,0,0
Hello&comma;ramin khosraviani,HELLO RAMIN,Hello&comma;hayley cockerton,HELLO HAYLEY,15,310,S:\speechScience\tuningData\HDC\7135\logs\04.30.2016_needed\20160430_112632_134_G2_carlos veloso_371396_HomeDepotCanada_Aurora_7135.callsre,0,(null),RAMIN->HAYLEY : 1,HIGH_PITCH_VER23_RES0,1075,200å0D0O10P0P0Å,0,0, ,CSP_1462029992_294_11,0,0
